p5,p6,matrix_size_x,matrix_size_y,p2,p1,p8,p7,p3,p4,performance
18,8,2539,3969,139,144,92,40,17,18,0.0388217
24,16,4005,3526,84,240,47,60,27,6,0.0646895
