Node;Process;Thread;#max_time_on_cpu_s;#Stop Time US;Time (s);Math (%);#Elapsed Time;String (%);#Stop Time S;Others (%);System (%);#Start Time US;Memory (%);OMP (%);Binary (%);Nb Cycle Events;#max_context_switch_time_s;IO (%);#Start Time S;MPI (%);Pthread (%);
_ALL;_ALL;_ALL;0;884787;12.019955635071;1.2063270882679;12.043558120728;0.041597488958244;1745591188;0.16638995583298;0.12479246687473;841229;0.16638995583298;0;98.294872947936;2403.9912625587;0;0;1745591176;0;0;
fixot-brendan-MS-7C02;_ALL;_ALL;0;884787;12.019955635071;1.2063270882679;12.043558120728;0.041597488958244;1745591188;0.16638995583298;0.12479246687473;841229;0.16638995583298;0;98.294872947936;2403.9912625587;0;0;1745591176;0;0;
fixot-brendan-MS-7C02;31393;_ALL;0;884787;12.019955635071;1.2063270882679;12.043558120728;0.041597488958244;1745591188;0.16638995583298;0.12479246687473;841229;0.16638995583298;0;98.294872947936;2403.9912625587;0;0;1745591176;0;0;
fixot-brendan-MS-7C02;31393;31393;6.9049029350281;884787;12.019955635071;1.2063270882679;12.043558120728;0.041597488958244;1745591188;0.16638995583298;0.12479246687473;841229;0.16638995583298;0;98.294872947936;2403.9912625587;4.8899087905884;0;1745591176;0;0;
