block_id;module;source_info;time_p;time_s;time_s_min;time_s_avg;time_s_max;cov_deviation;time_deviation;nb_threads;flops;
11884;MainEnsemble;;19.999996185303;0.0099999979138374;;;;;;;;
11881;MainEnsemble;;9.9999980926514;0.0049999989569187;;;;;;;;
11841;MainEnsemble;;9.9999980926514;0.0049999989569187;;;;;;;;
11624;MainEnsemble;;9.9999980926514;0.0049999989569187;;;;;;;;
11122;MainEnsemble;;9.9999980926514;0.0049999989569187;;;;;;;;
10656;MainEnsemble;;9.9999980926514;0.0049999989569187;;;;;;;;
10518;MainEnsemble;;9.9999980926514;0.0049999989569187;;;;;;;;
5130;MainEnsemble;;9.9999980926514;0.0049999989569187;;;;;;;;
10210;MainEnsemble;;9.9999980926514;0.0049999989569187;;;;;;;;
