block_id;module;source_info;time_p;time_s;time_s_min;time_s_avg;time_s_max;cov_deviation;time_deviation;nb_threads;flops;
11618;MainEnsemble;;12.499998092651;0.0049999989569187;;;;;;;;
11614;MainEnsemble;;12.499998092651;0.0049999989569187;;;;;;;;
11617;MainEnsemble;;12.499998092651;0.0049999989569187;;;;;;;;
10915;MainEnsemble;;12.499998092651;0.0049999989569187;;;;;;;;
10660;MainEnsemble;;12.499998092651;0.0049999989569187;;;;;;;;
10656;MainEnsemble;;12.499998092651;0.0049999989569187;;;;;;;;
7714;MainEnsemble;;12.499998092651;0.0049999989569187;;;;;;;;
391;MainEnsemble;;12.499998092651;0.0049999989569187;;;;;;;;
