block_id;module;source_info;time_p;time_s;time_s_min;time_s_avg;time_s_max;cov_deviation;time_deviation;nb_threads;flops;
11882;MainEnsemble;;22.22222328186;0.01999999769032;;;;;;;;
11884;MainEnsemble;;11.11111164093;0.00999999884516;;;;;;;;
11624;MainEnsemble;;11.11111164093;0.00999999884516;;;;;;;;
11614;MainEnsemble;;11.11111164093;0.00999999884516;;;;;;;;
11883;MainEnsemble;;5.5555558204651;0.00499999942258;;;;;;;;
11618;MainEnsemble;;5.5555558204651;0.00499999942258;;;;;;;;
11555;MainEnsemble;;5.5555558204651;0.00499999942258;;;;;;;;
10907;MainEnsemble;;5.5555558204651;0.00499999942258;;;;;;;;
10658;MainEnsemble;;5.5555558204651;0.00499999942258;;;;;;;;
10652;MainEnsemble;;5.5555558204651;0.00499999942258;;;;;;;;
5130;MainEnsemble;;5.5555558204651;0.00499999942258;;;;;;;;
391;MainEnsemble;;5.5555558204651;0.00499999942258;;;;;;;;
