block_id;module;source_info;time_p;time_s;time_s_min;time_s_avg;time_s_max;cov_deviation;time_deviation;nb_threads;flops;
11624;MainEnsemble;;12.499998092651;0.0049999989569187;;;;;;;;
11614;MainEnsemble;;12.499998092651;0.0049999989569187;;;;;;;;
10656;MainEnsemble;;12.499998092651;0.0049999989569187;;;;;;;;
10518;MainEnsemble;;12.499998092651;0.0049999989569187;;;;;;;;
3646;MainEnsemble;;12.499998092651;0.0049999989569187;;;;;;;;
391;MainEnsemble;;12.499998092651;0.0049999989569187;;;;;;;;
10178;MainEnsemble;;12.499998092651;0.0049999989569187;;;;;;;;
11630;MainEnsemble;;12.499998092651;0.0049999989569187;;;;;;;;
