block_id;module;source_info;time_p;time_s;time_s_min;time_s_avg;time_s_max;cov_deviation;time_deviation;nb_threads;flops;
11884;MainEnsemble;;27.272724151611;0.014999998733401;;;;;;;;
12247;MainEnsemble;;9.0909080505371;0.00499999942258;;;;;;;;
11883;MainEnsemble;;9.0909080505371;0.00499999942258;;;;;;;;
11877;MainEnsemble;;9.0909080505371;0.00499999942258;;;;;;;;
11839;MainEnsemble;;9.0909080505371;0.00499999942258;;;;;;;;
10907;MainEnsemble;;9.0909080505371;0.00499999942258;;;;;;;;
10660;MainEnsemble;;9.0909080505371;0.00499999942258;;;;;;;;
3646;MainEnsemble;;9.0909080505371;0.00499999942258;;;;;;;;
391;MainEnsemble;;9.0909080505371;0.00499999942258;;;;;;;;
