block_id;module;source_info;time_p;time_s;time_s_min;time_s_avg;time_s_max;cov_deviation;time_deviation;nb_threads;flops;
11882;MainEnsemble;;22.222219467163;0.00999999884516;;;;;;;;
11841;MainEnsemble;;11.111109733582;0.00499999942258;;;;;;;;
11614;MainEnsemble;;11.111109733582;0.00499999942258;;;;;;;;
10807;MainEnsemble;;11.111109733582;0.00499999942258;;;;;;;;
10655;MainEnsemble;;11.111109733582;0.00499999942258;;;;;;;;
8121;MainEnsemble;;11.111109733582;0.00499999942258;;;;;;;;
10192;MainEnsemble;;11.111109733582;0.00499999942258;;;;;;;;
11636;MainEnsemble;;11.111109733582;0.00499999942258;;;;;;;;
