block_id;module;source_info;time_p;time_s;time_s_min;time_s_avg;time_s_max;cov_deviation;time_deviation;nb_threads;flops;
11882;MainEnsemble;;38.461536407471;0.024999998509884;;;;;;;;
11877;MainEnsemble;;15.384613990784;0.00999999884516;;;;;;;;
11626;MainEnsemble;;7.6923069953918;0.00499999942258;;;;;;;;
11623;MainEnsemble;;7.6923069953918;0.00499999942258;;;;;;;;
11548;MainEnsemble;;7.6923069953918;0.00499999942258;;;;;;;;
10655;MainEnsemble;;7.6923069953918;0.00499999942258;;;;;;;;
10628;MainEnsemble;;7.6923069953918;0.00499999942258;;;;;;;;
10186;MainEnsemble;;7.6923069953918;0.00499999942258;;;;;;;;
