block_id;module;source_info;time_p;time_s;time_s_min;time_s_avg;time_s_max;cov_deviation;time_deviation;nb_threads;flops;
11882;MainEnsemble;;19.999996185303;0.0099999979138374;;;;;;;;
11895;MainEnsemble;;9.9999980926514;0.0049999989569187;;;;;;;;
11884;MainEnsemble;;9.9999980926514;0.0049999989569187;;;;;;;;
11624;MainEnsemble;;9.9999980926514;0.0049999989569187;;;;;;;;
10915;MainEnsemble;;9.9999980926514;0.0049999989569187;;;;;;;;
10658;MainEnsemble;;9.9999980926514;0.0049999989569187;;;;;;;;
10178;MainEnsemble;;9.9999980926514;0.0049999989569187;;;;;;;;
11633;MainEnsemble;;9.9999980926514;0.0049999989569187;;;;;;;;
11601;MainEnsemble;;9.9999980926514;0.0049999989569187;;;;;;;;
