block_id;module;source_info;time_p;time_s;time_s_min;time_s_avg;time_s_max;cov_deviation;time_deviation;nb_threads;flops;
11607;MainEnsemble;;16.666666030884;0.00499999942258;;;;;;;;
10656;MainEnsemble;;16.666666030884;0.00499999942258;;;;;;;;
7714;MainEnsemble;;16.666666030884;0.00499999942258;;;;;;;;
10178;MainEnsemble;;16.666666030884;0.00499999942258;;;;;;;;
10211;MainEnsemble;;16.666666030884;0.00499999942258;;;;;;;;
11636;MainEnsemble;;16.666666030884;0.00499999942258;;;;;;;;
