block_id;module;source_info;time_p;time_s;time_s_min;time_s_avg;time_s_max;cov_deviation;time_deviation;nb_threads;flops;
12148;MainEnsemble;;16.666666030884;0.00499999942258;;;;;;;;
11882;MainEnsemble;;16.666666030884;0.00499999942258;;;;;;;;
11864;MainEnsemble;;16.666666030884;0.00499999942258;;;;;;;;
11842;MainEnsemble;;16.666666030884;0.00499999942258;;;;;;;;
10634;MainEnsemble;;16.666666030884;0.00499999942258;;;;;;;;
