block_id;module;source_info;time_p;time_s;time_s_min;time_s_avg;time_s_max;cov_deviation;time_deviation;nb_threads;flops;
11877;MainEnsemble;;14.285712242126;0.00499999942258;;;;;;;;
11844;MainEnsemble;;14.285712242126;0.00499999942258;;;;;;;;
11623;MainEnsemble;;14.285712242126;0.00499999942258;;;;;;;;
10515;MainEnsemble;;14.285712242126;0.00499999942258;;;;;;;;
10305;MainEnsemble;;14.285712242126;0.00499999942258;;;;;;;;
10178;MainEnsemble;;14.285712242126;0.00499999942258;;;;;;;;
