block_id;module;source_info;time_p;time_s;time_s_min;time_s_avg;time_s_max;cov_deviation;time_deviation;nb_threads;flops;
11882;MainEnsemble;;16.666664123535;0.00999999884516;;;;;;;;
11839;MainEnsemble;;16.666664123535;0.00999999884516;;;;;;;;
10215;MainEnsemble;;16.666664123535;0.00999999884516;;;;;;;;
11884;MainEnsemble;;8.3333320617676;0.00499999942258;;;;;;;;
11310;MainEnsemble;;8.3333320617676;0.00499999942258;;;;;;;;
11312;MainEnsemble;;8.3333320617676;0.00499999942258;;;;;;;;
3626;MainEnsemble;;8.3333320617676;0.00499999942258;;;;;;;;
10178;MainEnsemble;;8.3333320617676;0.00499999942258;;;;;;;;
