block_id;module;source_info;time_p;time_s;time_s_min;time_s_avg;time_s_max;cov_deviation;time_deviation;nb_threads;flops;
12250;MainEnsemble;;7.1428561210632;0.00499999942258;;;;;;;;
11882;MainEnsemble;;7.1428561210632;0.00499999942258;;;;;;;;
11884;MainEnsemble;;7.1428561210632;0.00499999942258;;;;;;;;
11877;MainEnsemble;;7.1428561210632;0.00499999942258;;;;;;;;
11625;MainEnsemble;;7.1428561210632;0.00499999942258;;;;;;;;
11614;MainEnsemble;;7.1428561210632;0.00499999942258;;;;;;;;
10656;MainEnsemble;;7.1428561210632;0.00499999942258;;;;;;;;
10305;MainEnsemble;;7.1428561210632;0.00499999942258;;;;;;;;
8121;MainEnsemble;;7.1428561210632;0.00499999942258;;;;;;;;
7714;MainEnsemble;;7.1428561210632;0.00499999942258;;;;;;;;
10180;MainEnsemble;;7.1428561210632;0.00499999942258;;;;;;;;
11597;MainEnsemble;;7.1428561210632;0.00499999942258;;;;;;;;
9536;MainEnsemble;;7.1428561210632;0.00499999942258;;;;;;;;
11603;MainEnsemble;;7.1428561210632;0.00499999942258;;;;;;;;
