block_id;module;source_info;time_p;time_s;time_s_min;time_s_avg;time_s_max;cov_deviation;time_deviation;nb_threads;flops;
11882;MainEnsemble;;12.499998092651;0.0049999989569187;;;;;;;;
11887;MainEnsemble;;12.499998092651;0.0049999989569187;;;;;;;;
11625;MainEnsemble;;12.499998092651;0.0049999989569187;;;;;;;;
10658;MainEnsemble;;12.499998092651;0.0049999989569187;;;;;;;;
10656;MainEnsemble;;12.499998092651;0.0049999989569187;;;;;;;;
10655;MainEnsemble;;12.499998092651;0.0049999989569187;;;;;;;;
391;MainEnsemble;;12.499998092651;0.0049999989569187;;;;;;;;
10192;MainEnsemble;;12.499998092651;0.0049999989569187;;;;;;;;
