block_id;module;source_info;time_p;time_s;time_s_min;time_s_avg;time_s_max;cov_deviation;time_deviation;nb_threads;flops;
11877;MainEnsemble;;14.285712242126;0.00499999942258;;;;;;;;
11845;MainEnsemble;;14.285712242126;0.00499999942258;;;;;;;;
10907;MainEnsemble;;14.285712242126;0.00499999942258;;;;;;;;
10656;MainEnsemble;;14.285712242126;0.00499999942258;;;;;;;;
3646;MainEnsemble;;14.285712242126;0.00499999942258;;;;;;;;
1423;MainEnsemble;;14.285712242126;0.00499999942258;;;;;;;;
10215;MainEnsemble;;14.285712242126;0.00499999942258;;;;;;;;
