block_id;module;source_info;time_p;time_s;time_s_min;time_s_avg;time_s_max;cov_deviation;time_deviation;nb_threads;flops;
11537;MainEnsemble;;19.999998092651;0.00499999942258;;;;;;;;
10658;MainEnsemble;;19.999998092651;0.00499999942258;;;;;;;;
10656;MainEnsemble;;19.999998092651;0.00499999942258;;;;;;;;
10655;MainEnsemble;;19.999998092651;0.00499999942258;;;;;;;;
10178;MainEnsemble;;19.999998092651;0.00499999942258;;;;;;;;
