block_id;module;source_info;time_p;time_s;time_s_min;time_s_avg;time_s_max;cov_deviation;time_deviation;nb_threads;flops;
11884;MainEnsemble;;24.999996185303;0.0099999979138374;;;;;;;;
11882;MainEnsemble;;12.499998092651;0.0049999989569187;;;;;;;;
11842;MainEnsemble;;12.499998092651;0.0049999989569187;;;;;;;;
10907;MainEnsemble;;12.499998092651;0.0049999989569187;;;;;;;;
10656;MainEnsemble;;12.499998092651;0.0049999989569187;;;;;;;;
5130;MainEnsemble;;12.499998092651;0.0049999989569187;;;;;;;;
11630;MainEnsemble;;12.499998092651;0.0049999989569187;;;;;;;;
