block_id;module;source_info;time_p;time_s;time_s_min;time_s_avg;time_s_max;cov_deviation;time_deviation;nb_threads;flops;
11882;MainEnsemble;;14.285712242126;0.00499999942258;;;;;;;;
11884;MainEnsemble;;14.285712242126;0.00499999942258;;;;;;;;
11886;MainEnsemble;;14.285712242126;0.00499999942258;;;;;;;;
11625;MainEnsemble;;14.285712242126;0.00499999942258;;;;;;;;
11127;MainEnsemble;;14.285712242126;0.00499999942258;;;;;;;;
10370;MainEnsemble;;14.285712242126;0.00499999942258;;;;;;;;
10215;MainEnsemble;;14.285712242126;0.00499999942258;;;;;;;;
