block_id;module;source_info;time_p;time_s;time_s_min;time_s_avg;time_s_max;cov_deviation;time_deviation;nb_threads;flops;
10915;MainEnsemble;;28.571424484253;0.00999999884516;;;;;;;;
11895;MainEnsemble;;14.285712242126;0.00499999942258;;;;;;;;
11623;MainEnsemble;;14.285712242126;0.00499999942258;;;;;;;;
10656;MainEnsemble;;14.285712242126;0.00499999942258;;;;;;;;
3532;MainEnsemble;;14.285712242126;0.00499999942258;;;;;;;;
9536;MainEnsemble;;14.285712242126;0.00499999942258;;;;;;;;
