block_id;module;source_info;time_p;time_s;time_s_min;time_s_avg;time_s_max;cov_deviation;time_deviation;nb_threads;flops;
11895;MainEnsemble;;19.999998092651;0.00499999942258;;;;;;;;
11887;MainEnsemble;;19.999998092651;0.00499999942258;;;;;;;;
11877;MainEnsemble;;19.999998092651;0.00499999942258;;;;;;;;
11623;MainEnsemble;;19.999998092651;0.00499999942258;;;;;;;;
10178;MainEnsemble;;19.999998092651;0.00499999942258;;;;;;;;
