block_id;module;source_info;time_p;time_s;time_s_min;time_s_avg;time_s_max;cov_deviation;time_deviation;nb_threads;flops;
11884;MainEnsemble;;19.999996185303;0.0099999979138374;;;;;;;;
12246;MainEnsemble;;9.9999980926514;0.0049999989569187;;;;;;;;
11882;MainEnsemble;;9.9999980926514;0.0049999989569187;;;;;;;;
11844;MainEnsemble;;9.9999980926514;0.0049999989569187;;;;;;;;
11618;MainEnsemble;;9.9999980926514;0.0049999989569187;;;;;;;;
11607;MainEnsemble;;9.9999980926514;0.0049999989569187;;;;;;;;
10656;MainEnsemble;;9.9999980926514;0.0049999989569187;;;;;;;;
10655;MainEnsemble;;9.9999980926514;0.0049999989569187;;;;;;;;
10645;MainEnsemble;;9.9999980926514;0.0049999989569187;;;;;;;;
