block_id;module;source_info;time_p;time_s;time_s_min;time_s_avg;time_s_max;cov_deviation;time_deviation;nb_threads;flops;
11884;MainEnsemble;;18.181816101074;0.00999999884516;;;;;;;;
11618;MainEnsemble;;9.0909080505371;0.00499999942258;;;;;;;;
11617;MainEnsemble;;9.0909080505371;0.00499999942258;;;;;;;;
11311;MainEnsemble;;9.0909080505371;0.00499999942258;;;;;;;;
10660;MainEnsemble;;9.0909080505371;0.00499999942258;;;;;;;;
10656;MainEnsemble;;9.0909080505371;0.00499999942258;;;;;;;;
10655;MainEnsemble;;9.0909080505371;0.00499999942258;;;;;;;;
7714;MainEnsemble;;9.0909080505371;0.00499999942258;;;;;;;;
3532;MainEnsemble;;9.0909080505371;0.00499999942258;;;;;;;;
