block_id;module;source_info;time_p;time_s;time_s_min;time_s_avg;time_s_max;cov_deviation;time_deviation;nb_threads;flops;
12246;MainEnsemble;;14.285712242126;0.00499999942258;;;;;;;;
11884;MainEnsemble;;14.285712242126;0.00499999942258;;;;;;;;
11844;MainEnsemble;;14.285712242126;0.00499999942258;;;;;;;;
10523;MainEnsemble;;14.285712242126;0.00499999942258;;;;;;;;
3626;MainEnsemble;;14.285712242126;0.00499999942258;;;;;;;;
11636;MainEnsemble;;14.285712242126;0.00499999942258;;;;;;;;
9536;MainEnsemble;;14.285712242126;0.00499999942258;;;;;;;;
