block_id;module;source_info;time_p;time_s;time_s_min;time_s_avg;time_s_max;cov_deviation;time_deviation;nb_threads;flops;
11884;MainEnsemble;;16.666666030884;0.00499999942258;;;;;;;;
11877;MainEnsemble;;16.666666030884;0.00499999942258;;;;;;;;
11614;MainEnsemble;;16.666666030884;0.00499999942258;;;;;;;;
11607;MainEnsemble;;16.666666030884;0.00499999942258;;;;;;;;
10907;MainEnsemble;;16.666666030884;0.00499999942258;;;;;;;;
10657;MainEnsemble;;16.666666030884;0.00499999942258;;;;;;;;
