block_id;module;source_info;time_p;time_s;time_s_min;time_s_avg;time_s_max;cov_deviation;time_deviation;nb_threads;flops;
11882;MainEnsemble;;29.999998092651;0.014999999664724;;;;;;;;
11884;MainEnsemble;;9.9999980926514;0.0049999989569187;;;;;;;;
11842;MainEnsemble;;9.9999980926514;0.0049999989569187;;;;;;;;
11614;MainEnsemble;;9.9999980926514;0.0049999989569187;;;;;;;;
10656;MainEnsemble;;9.9999980926514;0.0049999989569187;;;;;;;;
10519;MainEnsemble;;9.9999980926514;0.0049999989569187;;;;;;;;
391;MainEnsemble;;9.9999980926514;0.0049999989569187;;;;;;;;
10178;MainEnsemble;;9.9999980926514;0.0049999989569187;;;;;;;;
