block_id;module;source_info;time_p;time_s;time_s_min;time_s_avg;time_s_max;cov_deviation;time_deviation;nb_threads;flops;
11882;MainEnsemble;;8.3333320617676;0.00499999942258;;;;;;;;
11883;MainEnsemble;;8.3333320617676;0.00499999942258;;;;;;;;
11884;MainEnsemble;;8.3333320617676;0.00499999942258;;;;;;;;
11886;MainEnsemble;;8.3333320617676;0.00499999942258;;;;;;;;
11624;MainEnsemble;;8.3333320617676;0.00499999942258;;;;;;;;
10907;MainEnsemble;;8.3333320617676;0.00499999942258;;;;;;;;
10660;MainEnsemble;;8.3333320617676;0.00499999942258;;;;;;;;
10656;MainEnsemble;;8.3333320617676;0.00499999942258;;;;;;;;
10305;MainEnsemble;;8.3333320617676;0.00499999942258;;;;;;;;
391;MainEnsemble;;8.3333320617676;0.00499999942258;;;;;;;;
10177;MainEnsemble;;8.3333320617676;0.00499999942258;;;;;;;;
10178;MainEnsemble;;8.3333320617676;0.00499999942258;;;;;;;;
