block_id;module;source_info;time_p;time_s;time_s_min;time_s_avg;time_s_max;cov_deviation;time_deviation;nb_threads;flops;
12244;MainEnsemble;;19.999998092651;0.00499999942258;;;;;;;;
11886;MainEnsemble;;19.999998092651;0.00499999942258;;;;;;;;
10807;MainEnsemble;;19.999998092651;0.00499999942258;;;;;;;;
10655;MainEnsemble;;19.999998092651;0.00499999942258;;;;;;;;
5130;MainEnsemble;;19.999998092651;0.00499999942258;;;;;;;;
