block_id;module;source_info;time_p;time_s;time_s_min;time_s_avg;time_s_max;cov_deviation;time_deviation;nb_threads;flops;
11882;MainEnsemble;;11.111109733582;0.00499999942258;;;;;;;;
11887;MainEnsemble;;11.111109733582;0.00499999942258;;;;;;;;
11625;MainEnsemble;;11.111109733582;0.00499999942258;;;;;;;;
11617;MainEnsemble;;11.111109733582;0.00499999942258;;;;;;;;
11311;MainEnsemble;;11.111109733582;0.00499999942258;;;;;;;;
10655;MainEnsemble;;11.111109733582;0.00499999942258;;;;;;;;
3646;MainEnsemble;;11.111109733582;0.00499999942258;;;;;;;;
3532;MainEnsemble;;11.111109733582;0.00499999942258;;;;;;;;
11596;MainEnsemble;;11.111109733582;0.00499999942258;;;;;;;;
