block_id;module;source_info;time_p;time_s;time_s_min;time_s_avg;time_s_max;cov_deviation;time_deviation;nb_threads;flops;
10656;MainEnsemble;;33.333332061768;0.014999999664724;;;;;;;;
11882;MainEnsemble;;11.111109733582;0.00499999942258;;;;;;;;
11884;MainEnsemble;;11.111109733582;0.00499999942258;;;;;;;;
11862;MainEnsemble;;11.111109733582;0.00499999942258;;;;;;;;
11844;MainEnsemble;;11.111109733582;0.00499999942258;;;;;;;;
10915;MainEnsemble;;11.111109733582;0.00499999942258;;;;;;;;
11636;MainEnsemble;;11.111109733582;0.00499999942258;;;;;;;;
