block_id;module;source_info;time_p;time_s;time_s_min;time_s_avg;time_s_max;cov_deviation;time_deviation;nb_threads;flops;
11884;MainEnsemble;;12.499998092651;0.0049999989569187;;;;;;;;
11887;MainEnsemble;;12.499998092651;0.0049999989569187;;;;;;;;
11877;MainEnsemble;;12.499998092651;0.0049999989569187;;;;;;;;
11845;MainEnsemble;;12.499998092651;0.0049999989569187;;;;;;;;
10655;MainEnsemble;;12.499998092651;0.0049999989569187;;;;;;;;
3626;MainEnsemble;;12.499998092651;0.0049999989569187;;;;;;;;
10178;MainEnsemble;;12.499998092651;0.0049999989569187;;;;;;;;
10216;MainEnsemble;;12.499998092651;0.0049999989569187;;;;;;;;
