block_id;module;source_info;time_p;time_s;time_s_min;time_s_avg;time_s_max;cov_deviation;time_deviation;nb_threads;flops;
11884;MainEnsemble;;44.444438934326;0.01999999769032;;;;;;;;
11842;MainEnsemble;;11.111109733582;0.00499999942258;;;;;;;;
11623;MainEnsemble;;11.111109733582;0.00499999942258;;;;;;;;
11617;MainEnsemble;;11.111109733582;0.00499999942258;;;;;;;;
10178;MainEnsemble;;11.111109733582;0.00499999942258;;;;;;;;
