block_id;module;source_info;time_p;time_s;time_s_min;time_s_avg;time_s_max;cov_deviation;time_deviation;nb_threads;flops;
10656;MainEnsemble;;37.499996185303;0.014999998733401;;;;;;;;
11886;MainEnsemble;;12.499998092651;0.0049999989569187;;;;;;;;
11881;MainEnsemble;;12.499998092651;0.0049999989569187;;;;;;;;
11845;MainEnsemble;;12.499998092651;0.0049999989569187;;;;;;;;
3646;MainEnsemble;;12.499998092651;0.0049999989569187;;;;;;;;
10218;MainEnsemble;;12.499998092651;0.0049999989569187;;;;;;;;
