block_id;module;source_info;time_p;time_s;time_s_min;time_s_avg;time_s_max;cov_deviation;time_deviation;nb_threads;flops;
10656;MainEnsemble;;24.999996185303;0.0099999979138374;;;;;;;;
11882;MainEnsemble;;12.499998092651;0.0049999989569187;;;;;;;;
11877;MainEnsemble;;12.499998092651;0.0049999989569187;;;;;;;;
11618;MainEnsemble;;12.499998092651;0.0049999989569187;;;;;;;;
10898;MainEnsemble;;12.499998092651;0.0049999989569187;;;;;;;;
10655;MainEnsemble;;12.499998092651;0.0049999989569187;;;;;;;;
10654;MainEnsemble;;12.499998092651;0.0049999989569187;;;;;;;;
