block_id;module;source_info;time_p;time_s;time_s_min;time_s_avg;time_s_max;cov_deviation;time_deviation;nb_threads;flops;
11884;MainEnsemble;;23.076921463013;0.015000000596046;;;;;;;;
10656;MainEnsemble;;15.384613037109;0.00999999884516;;;;;;;;
11841;MainEnsemble;;7.6923065185547;0.00499999942258;;;;;;;;
11311;MainEnsemble;;7.6923065185547;0.00499999942258;;;;;;;;
8121;MainEnsemble;;7.6923065185547;0.00499999942258;;;;;;;;
3626;MainEnsemble;;7.6923065185547;0.00499999942258;;;;;;;;
10210;MainEnsemble;;7.6923065185547;0.00499999942258;;;;;;;;
10215;MainEnsemble;;7.6923065185547;0.00499999942258;;;;;;;;
