Node;Process;Thread;#max_time_on_cpu_s;#Stop Time US;Time (s);Math (%);#Elapsed Time;String (%);#Stop Time S;Others (%);System (%);#Start Time US;Memory (%);OMP (%);Binary (%);Nb Cycle Events;#max_context_switch_time_s;IO (%);#Start Time S;MPI (%);Pthread (%);
_ALL;_ALL;_ALL;0;878754;8.6349630355835;0.98437009187841;8.6535339355469;0.057904125095609;1745591079;0.40532887566926;0.28952062547804;225220;0.23161650038244;0;98.031685640036;1726.9926768582;0;0;1745591071;0;0;
fixot-brendan-MS-7C02;_ALL;_ALL;0;878754;8.6349630355835;0.98437009187841;8.6535339355469;0.057904125095609;1745591079;0.40532887566926;0.28952062547804;225220;0.23161650038244;0;98.031685640036;1726.9926768582;0;0;1745591071;0;0;
fixot-brendan-MS-7C02;31257;_ALL;0;878754;8.6349630355835;0.98437009187841;8.6535339355469;0.057904125095609;1745591079;0.40532887566926;0.28952062547804;225220;0.23161650038244;0;98.031685640036;1726.9926768582;0;0;1745591071;0;0;
fixot-brendan-MS-7C02;31257;31257;6.1794500350952;878754;8.6349630355835;0.98437009187841;8.6535339355469;0.057904125095609;1745591079;0.40532887566926;0.28952062547804;225220;0.23161650038244;0;98.031685640036;1726.9926768582;6.1794500350952;0;1745591071;0;0;
