block_id;module;source_info;time_p;time_s;time_s_min;time_s_avg;time_s_max;cov_deviation;time_deviation;nb_threads;flops;
3286;MainEnsemble;;15.384614944458;0.00999999884516;;;;;;;;
11883;MainEnsemble;;7.692307472229;0.00499999942258;;;;;;;;
11616;MainEnsemble;;7.692307472229;0.00499999942258;;;;;;;;
7714;MainEnsemble;;7.692307472229;0.00499999942258;;;;;;;;
5414;MainEnsemble;;7.692307472229;0.00499999942258;;;;;;;;
5048;MainEnsemble;;7.692307472229;0.00499999942258;;;;;;;;
4945;MainEnsemble;;7.692307472229;0.00499999942258;;;;;;;;
3545;MainEnsemble;;7.692307472229;0.00499999942258;;;;;;;;
171;MainEnsemble;;7.692307472229;0.00499999942258;;;;;;;;
