Node;Process;Thread;#max_time_on_cpu_s;#Stop Time US;Time (s);Math (%);#Elapsed Time;String (%);#Stop Time S;Others (%);System (%);#Start Time US;Memory (%);OMP (%);Binary (%);Nb Cycle Events;#max_context_switch_time_s;IO (%);#Start Time S;MPI (%);Pthread (%);
_ALL;_ALL;_ALL;0;855465;3.0699934959412;0.82904608194965;3.1358690261841;0.028587795929298;1745592853;0.20011457150509;0.40022914301018;719596;0.34305355115158;39.937151096221;58.26192810391;3497.9961465835;0;0;1745592850;0;0;
fixot-brendan-MS-7C02;_ALL;_ALL;0;855465;3.0699934959412;0.82904608194965;3.1358690261841;0.028587795929298;1745592853;0.20011457150509;0.40022914301018;719596;0.34305355115158;39.937151096221;58.26192810391;3497.9961465835;0;0;1745592850;0;0;
fixot-brendan-MS-7C02;36525;_ALL;0;855465;3.0699934959412;0.82904608194965;3.1358690261841;0.028587795929298;1745592853;0.20011457150509;0.40022914301018;719596;0.34305355115158;39.937151096221;58.26192810391;3497.9961465835;0;0;1745592850;0;0;
fixot-brendan-MS-7C02;36525;36534;2.9746239185333;855475;2.964996099472;0;3.0880899429321;0;1745592853;0;0.33726851042278;767385;0.50590276563417;34.232749490184;64.924188256385;592.99932789246;2.9746239185333;0;1745592850;0;0;
fixot-brendan-MS-7C02;36525;36535;2.9676749706268;855465;2.9299960136414;0;3.0880570411682;0;1745592853;0;0;767408;0.34129732350368;64.16390009567;35.494921644383;585.99932149144;2.9676749706268;0;1745592850;0;0;
fixot-brendan-MS-7C02;36525;36533;2.9658398628235;855466;2.6699969768524;0;3.0881268978119;0;1745592853;0;0.37453218538649;767339;0.74906437077298;28.464448486763;70.41205085266;533.99950072012;2.9658398628235;0;1745592850;0;0;
fixot-brendan-MS-7C02;36525;36532;2.9759919643402;855467;2.9249970912933;0;3.0881550312042;0;1745592853;0.1709403074805;0.1709403074805;767312;0.1709403074805;32.478657327102;67.008600532356;584.99953272524;1.0502699613571;0;1745592850;0;0;
fixot-brendan-MS-7C02;36525;36536;2.0506479740143;856658;2.9299976825714;0;3.0892250537872;0;1745592853;0;0.51194571683389;767433;0.17064857227796;67.235538569843;32.081931588257;585.9996287406;2.0506479740143;0;1745592850;0;0;
fixot-brendan-MS-7C02;36525;36525;2.1521461009979;855465;3.0699934959412;4.7231359973765;3.1358690261841;0.16286675853023;1745592853;0.97720055118135;0.97720055118135;719596;0.16286675853023;13.355074199478;79.64184492128;613.9988350136;0.64261102676392;0;1745592850;0;0;
