block_id;module;source_info;time_p;time_s;time_s_min;time_s_avg;time_s_max;cov_deviation;time_deviation;nb_threads;flops;
10656;MainEnsemble;;27.272729873657;0.014999998733401;;;;;;;;
11884;MainEnsemble;;9.0909109115601;0.0049999998882413;;;;;;;;
11839;MainEnsemble;;9.0909109115601;0.0049999998882413;;;;;;;;
11614;MainEnsemble;;9.0909109115601;0.0049999998882413;;;;;;;;
10639;MainEnsemble;;9.0909109115601;0.0049999998882413;;;;;;;;
10515;MainEnsemble;;9.0909109115601;0.0049999998882413;;;;;;;;
10178;MainEnsemble;;9.0909109115601;0.0049999998882413;;;;;;;;
10189;MainEnsemble;;9.0909109115601;0.0049999998882413;;;;;;;;
10211;MainEnsemble;;9.0909109115601;0.0049999998882413;;;;;;;;
