block_id;module;source_info;time_p;time_s;time_s_min;time_s_avg;time_s_max;cov_deviation;time_deviation;nb_threads;flops;
11882;MainEnsemble;;14.285716056824;0.0049999998882413;;;;;;;;
11884;MainEnsemble;;14.285716056824;0.0049999998882413;;;;;;;;
11886;MainEnsemble;;14.285716056824;0.0049999998882413;;;;;;;;
11109;MainEnsemble;;14.285716056824;0.0049999998882413;;;;;;;;
10656;MainEnsemble;;14.285716056824;0.0049999998882413;;;;;;;;
10632;MainEnsemble;;14.285716056824;0.0049999998882413;;;;;;;;
10178;MainEnsemble;;14.285716056824;0.0049999998882413;;;;;;;;
