block_id;module;source_info;time_p;time_s;time_s_min;time_s_avg;time_s_max;cov_deviation;time_deviation;nb_threads;flops;
10656;MainEnsemble;;22.222225189209;0.0099999997764826;;;;;;;;
11884;MainEnsemble;;11.111112594604;0.0049999998882413;;;;;;;;
11862;MainEnsemble;;11.111112594604;0.0049999998882413;;;;;;;;
10907;MainEnsemble;;11.111112594604;0.0049999998882413;;;;;;;;
8121;MainEnsemble;;11.111112594604;0.0049999998882413;;;;;;;;
3646;MainEnsemble;;11.111112594604;0.0049999998882413;;;;;;;;
10178;MainEnsemble;;11.111112594604;0.0049999998882413;;;;;;;;
10180;MainEnsemble;;11.111112594604;0.0049999998882413;;;;;;;;
