block_id;module;source_info;time_p;time_s;time_s_min;time_s_avg;time_s_max;cov_deviation;time_deviation;nb_threads;flops;
10656;MainEnsemble;;30.000003814697;0.014999998733401;;;;;;;;
11882;MainEnsemble;;10.000001907349;0.0049999998882413;;;;;;;;
11884;MainEnsemble;;10.000001907349;0.0049999998882413;;;;;;;;
11887;MainEnsemble;;10.000001907349;0.0049999998882413;;;;;;;;
10662;MainEnsemble;;10.000001907349;0.0049999998882413;;;;;;;;
7714;MainEnsemble;;10.000001907349;0.0049999998882413;;;;;;;;
11636;MainEnsemble;;10.000001907349;0.0049999998882413;;;;;;;;
