block_id;module;source_info;time_p;time_s;time_s_min;time_s_avg;time_s_max;cov_deviation;time_deviation;nb_threads;flops;
12146;MainEnsemble;;10.000001907349;0.0049999998882413;;;;;;;;
11882;MainEnsemble;;10.000001907349;0.0049999998882413;;;;;;;;
11877;MainEnsemble;;10.000001907349;0.0049999998882413;;;;;;;;
10305;MainEnsemble;;10.000001907349;0.0049999998882413;;;;;;;;
8121;MainEnsemble;;10.000001907349;0.0049999998882413;;;;;;;;
11357;MainEnsemble;;10.000001907349;0.0049999998882413;;;;;;;;
11551;MainEnsemble;;10.000001907349;0.0049999998882413;;;;;;;;
10218;MainEnsemble;;10.000001907349;0.0049999998882413;;;;;;;;
10215;MainEnsemble;;10.000001907349;0.0049999998882413;;;;;;;;
11366;MainEnsemble;;10.000001907349;0.0049999998882413;;;;;;;;
