block_id;module;source_info;time_p;time_s;time_s_min;time_s_avg;time_s_max;cov_deviation;time_deviation;nb_threads;flops;
12121;MainEnsemble;;10;0.0099999997764826;;;;;;;;
11882;MainEnsemble;;10;0.0099999997764826;;;;;;;;
11884;MainEnsemble;;10;0.0099999997764826;;;;;;;;
11311;MainEnsemble;;10;0.0099999997764826;;;;;;;;
12253;MainEnsemble;;5;0.0049999998882413;;;;;;;;
12247;MainEnsemble;;5;0.0049999998882413;;;;;;;;
11623;MainEnsemble;;5;0.0049999998882413;;;;;;;;
11618;MainEnsemble;;5;0.0049999998882413;;;;;;;;
11334;MainEnsemble;;5;0.0049999998882413;;;;;;;;
11310;MainEnsemble;;5;0.0049999998882413;;;;;;;;
10907;MainEnsemble;;5;0.0049999998882413;;;;;;;;
10656;MainEnsemble;;5;0.0049999998882413;;;;;;;;
10655;MainEnsemble;;5;0.0049999998882413;;;;;;;;
10645;MainEnsemble;;5;0.0049999998882413;;;;;;;;
10186;MainEnsemble;;5;0.0049999998882413;;;;;;;;
10210;MainEnsemble;;5;0.0049999998882413;;;;;;;;
