Node;Process;Thread;#max_time_on_cpu_s;#Stop Time US;Time (s);Math (%);#Elapsed Time;String (%);#Stop Time S;Others (%);System (%);#Start Time US;Memory (%);OMP (%);Binary (%);Nb Cycle Events;#max_context_switch_time_s;IO (%);#Start Time S;MPI (%);Pthread (%);
_ALL;_ALL;_ALL;0;21627;0.52999967336655;2.8301898861628;0.54339599609375;1.8867932574419;1745584808;0;0;478231;0;0;95.283058368662;105.99995479694;0;0;1745584807;0;0;
fixot-brendan-MS-7C02;_ALL;_ALL;0;21627;0.52999967336655;2.8301898861628;0.54339599609375;1.8867932574419;1745584808;0;0;478231;0;0;95.283058368662;105.99995479694;0;0;1745584807;0;0;
fixot-brendan-MS-7C02;28598;_ALL;0;21627;0.52999967336655;2.8301898861628;0.54339599609375;1.8867932574419;1745584808;0;0;478231;0;0;95.283058368662;105.99995479694;0;0;1745584807;0;0;
fixot-brendan-MS-7C02;28598;28598;0.36000099778175;21627;0.52999967336655;2.8301898861628;0.54339599609375;1.8867932574419;1745584808;0;0;478231;0;0;95.283058368662;105.99995479694;0.36000099778175;0;1745584807;0;0;
