block_id;module;source_info;time_p;time_s;time_s_min;time_s_avg;time_s_max;cov_deviation;time_deviation;nb_threads;flops;
25025;MainEnsemble;;37.499996185303;0.014999999664724;;;;;;;;
26636;MainEnsemble;;12.499998092651;0.00499999942258;;;;;;;;
25031;MainEnsemble;;12.499998092651;0.00499999942258;;;;;;;;
25027;MainEnsemble;;12.499998092651;0.00499999942258;;;;;;;;
25029;MainEnsemble;;12.499998092651;0.00499999942258;;;;;;;;
24997;MainEnsemble;;12.499998092651;0.00499999942258;;;;;;;;
