block_id;module;source_info;time_p;time_s;time_s_min;time_s_avg;time_s_max;cov_deviation;time_deviation;nb_threads;flops;
26630;MainEnsemble;;16.666666030884;0.0049999998882413;;;;;;;;
25025;MainEnsemble;;16.666666030884;0.0049999998882413;;;;;;;;
24996;MainEnsemble;;16.666666030884;0.0049999998882413;;;;;;;;
24998;MainEnsemble;;16.666666030884;0.0049999998882413;;;;;;;;
25031;MainEnsemble;;16.666666030884;0.0049999998882413;;;;;;;;
25020;MainEnsemble;;16.666666030884;0.0049999998882413;;;;;;;;
