block_id;module;source_info;time_p;time_s;time_s_min;time_s_avg;time_s_max;cov_deviation;time_deviation;nb_threads;flops;
25014;MainEnsemble;;16.666666030884;0.0049999998882413;;;;;;;;
26628;MainEnsemble;;16.666666030884;0.0049999998882413;;;;;;;;
26637;MainEnsemble;;16.666666030884;0.0049999998882413;;;;;;;;
25000;MainEnsemble;;16.666666030884;0.0049999998882413;;;;;;;;
25025;MainEnsemble;;16.666666030884;0.0049999998882413;;;;;;;;
25021;MainEnsemble;;16.666666030884;0.0049999998882413;;;;;;;;
