block_id;module;source_info;time_p;time_s;time_s_min;time_s_avg;time_s_max;cov_deviation;time_deviation;nb_threads;flops;
24945;MainEnsemble;;19.999998092651;0.0049999998882413;;;;;;;;
25000;MainEnsemble;;19.999998092651;0.0049999998882413;;;;;;;;
25030;MainEnsemble;;19.999998092651;0.0049999998882413;;;;;;;;
25027;MainEnsemble;;19.999998092651;0.0049999998882413;;;;;;;;
24997;MainEnsemble;;19.999998092651;0.0049999998882413;;;;;;;;
