block_id;module;source_info;time_p;time_s;time_s_min;time_s_avg;time_s_max;cov_deviation;time_deviation;nb_threads;flops;
26632;MainEnsemble;;16.666666030884;0.0049999998882413;;;;;;;;
25045;MainEnsemble;;16.666666030884;0.0049999998882413;;;;;;;;
25026;MainEnsemble;;16.666666030884;0.0049999998882413;;;;;;;;
25020;MainEnsemble;;16.666666030884;0.0049999998882413;;;;;;;;
26604;MainEnsemble;;16.666666030884;0.0049999998882413;;;;;;;;
24997;MainEnsemble;;16.666666030884;0.0049999998882413;;;;;;;;
