block_id;module;source_info;time_p;time_s;time_s_min;time_s_avg;time_s_max;cov_deviation;time_deviation;nb_threads;flops;
24949;MainEnsemble;;14.285712242126;0.00499999942258;;;;;;;;
25000;MainEnsemble;;14.285712242126;0.00499999942258;;;;;;;;
25025;MainEnsemble;;14.285712242126;0.00499999942258;;;;;;;;
24996;MainEnsemble;;14.285712242126;0.00499999942258;;;;;;;;
24999;MainEnsemble;;14.285712242126;0.00499999942258;;;;;;;;
25021;MainEnsemble;;14.285712242126;0.00499999942258;;;;;;;;
