block_id;module;source_info;time_p;time_s;time_s_min;time_s_avg;time_s_max;cov_deviation;time_deviation;nb_threads;flops;
25025;MainEnsemble;;33.333332061768;0.0099999997764826;;;;;;;;
26632;MainEnsemble;;16.666666030884;0.0049999998882413;;;;;;;;
25029;MainEnsemble;;16.666666030884;0.0049999998882413;;;;;;;;
24997;MainEnsemble;;16.666666030884;0.0049999998882413;;;;;;;;
25001;MainEnsemble;;16.666666030884;0.0049999998882413;;;;;;;;
