block_id;module;source_info;time_p;time_s;time_s_min;time_s_avg;time_s_max;cov_deviation;time_deviation;nb_threads;flops;
25014;MainEnsemble;;11.111109733582;0.00499999942258;;;;;;;;
25000;MainEnsemble;;11.111109733582;0.00499999942258;;;;;;;;
24943;MainEnsemble;;11.111109733582;0.00499999942258;;;;;;;;
25025;MainEnsemble;;11.111109733582;0.00499999942258;;;;;;;;
25027;MainEnsemble;;11.111109733582;0.00499999942258;;;;;;;;
25020;MainEnsemble;;11.111109733582;0.00499999942258;;;;;;;;
26604;MainEnsemble;;11.111109733582;0.00499999942258;;;;;;;;
25029;MainEnsemble;;11.111109733582;0.00499999942258;;;;;;;;
25021;MainEnsemble;;11.111109733582;0.00499999942258;;;;;;;;
