block_id;module;source_info;time_p;time_s;time_s_min;time_s_avg;time_s_max;cov_deviation;time_deviation;nb_threads;flops;
26911;MainEnsemble;;14.285712242126;0.00499999942258;;;;;;;;
26629;MainEnsemble;;14.285712242126;0.00499999942258;;;;;;;;
25025;MainEnsemble;;14.285712242126;0.00499999942258;;;;;;;;
25028;MainEnsemble;;14.285712242126;0.00499999942258;;;;;;;;
25026;MainEnsemble;;14.285712242126;0.00499999942258;;;;;;;;
26596;MainEnsemble;;14.285712242126;0.00499999942258;;;;;;;;
25029;MainEnsemble;;14.285712242126;0.00499999942258;;;;;;;;
