block_id;module;source_info;time_p;time_s;time_s_min;time_s_avg;time_s_max;cov_deviation;time_deviation;nb_threads;flops;
25000;MainEnsemble;;24.999996185303;0.00999999884516;;;;;;;;
25027;MainEnsemble;;24.999996185303;0.00999999884516;;;;;;;;
26637;MainEnsemble;;12.499998092651;0.00499999942258;;;;;;;;
25023;MainEnsemble;;12.499998092651;0.00499999942258;;;;;;;;
25025;MainEnsemble;;12.499998092651;0.00499999942258;;;;;;;;
