block_id;module;source_info;time_p;time_s;time_s_min;time_s_avg;time_s_max;cov_deviation;time_deviation;nb_threads;flops;
26594;MainEnsemble;;19.999998092651;0.0049999998882413;;;;;;;;
25000;MainEnsemble;;19.999998092651;0.0049999998882413;;;;;;;;
24943;MainEnsemble;;19.999998092651;0.0049999998882413;;;;;;;;
25025;MainEnsemble;;19.999998092651;0.0049999998882413;;;;;;;;
24997;MainEnsemble;;19.999998092651;0.0049999998882413;;;;;;;;
