block_id;module;source_info;time_p;time_s;time_s_min;time_s_avg;time_s_max;cov_deviation;time_deviation;nb_threads;flops;
25011;MainEnsemble;;14.285712242126;0.00499999942258;;;;;;;;
26910;MainEnsemble;;14.285712242126;0.00499999942258;;;;;;;;
25000;MainEnsemble;;14.285712242126;0.00499999942258;;;;;;;;
25028;MainEnsemble;;14.285712242126;0.00499999942258;;;;;;;;
25026;MainEnsemble;;14.285712242126;0.00499999942258;;;;;;;;
25027;MainEnsemble;;14.285712242126;0.00499999942258;;;;;;;;
24997;MainEnsemble;;14.285712242126;0.00499999942258;;;;;;;;
