block_id;module;source_info;time_p;time_s;time_s_min;time_s_avg;time_s_max;cov_deviation;time_deviation;nb_threads;flops;
25021;MainEnsemble;;22.222219467163;0.00999999884516;;;;;;;;
25000;MainEnsemble;;11.111109733582;0.00499999942258;;;;;;;;
25025;MainEnsemble;;11.111109733582;0.00499999942258;;;;;;;;
24996;MainEnsemble;;11.111109733582;0.00499999942258;;;;;;;;
25028;MainEnsemble;;11.111109733582;0.00499999942258;;;;;;;;
25027;MainEnsemble;;11.111109733582;0.00499999942258;;;;;;;;
24997;MainEnsemble;;11.111109733582;0.00499999942258;;;;;;;;
25001;MainEnsemble;;11.111109733582;0.00499999942258;;;;;;;;
