block_id;module;source_info;time_p;time_s;time_s_min;time_s_avg;time_s_max;cov_deviation;time_deviation;nb_threads;flops;
25030;MainEnsemble;;28.571424484253;0.00999999884516;;;;;;;;
25021;MainEnsemble;;28.571424484253;0.00999999884516;;;;;;;;
25026;MainEnsemble;;14.285712242126;0.00499999942258;;;;;;;;
25027;MainEnsemble;;14.285712242126;0.00499999942258;;;;;;;;
24999;MainEnsemble;;14.285712242126;0.00499999942258;;;;;;;;
