block_id;module;source_info;time_p;time_s;time_s_min;time_s_avg;time_s_max;cov_deviation;time_deviation;nb_threads;flops;
25028;MainEnsemble;;22.222219467163;0.00999999884516;;;;;;;;
24997;MainEnsemble;;22.222219467163;0.00999999884516;;;;;;;;
27049;MainEnsemble;;11.111109733582;0.00499999942258;;;;;;;;
25023;MainEnsemble;;11.111109733582;0.00499999942258;;;;;;;;
31141;MainEnsemble;;11.111109733582;0.00499999942258;;;;;;;;
25024;MainEnsemble;;11.111109733582;0.00499999942258;;;;;;;;
