block_id;module;source_info;time_p;time_s;time_s_min;time_s_avg;time_s_max;cov_deviation;time_deviation;nb_threads;flops;
24961;MainEnsemble;;12.499998092651;0.00499999942258;;;;;;;;
25023;MainEnsemble;;12.499998092651;0.00499999942258;;;;;;;;
25025;MainEnsemble;;12.499998092651;0.00499999942258;;;;;;;;
24996;MainEnsemble;;12.499998092651;0.00499999942258;;;;;;;;
25031;MainEnsemble;;12.499998092651;0.00499999942258;;;;;;;;
25027;MainEnsemble;;12.499998092651;0.00499999942258;;;;;;;;
24997;MainEnsemble;;12.499998092651;0.00499999942258;;;;;;;;
24950;MainEnsemble;;12.499998092651;0.00499999942258;;;;;;;;
