block_id;module;source_info;time_p;time_s;time_s_min;time_s_avg;time_s_max;cov_deviation;time_deviation;nb_threads;flops;
25005;MainEnsemble;;16.666666030884;0.0049999998882413;;;;;;;;
24944;MainEnsemble;;16.666666030884;0.0049999998882413;;;;;;;;
25025;MainEnsemble;;16.666666030884;0.0049999998882413;;;;;;;;
24996;MainEnsemble;;16.666666030884;0.0049999998882413;;;;;;;;
25029;MainEnsemble;;16.666666030884;0.0049999998882413;;;;;;;;
