block_id;module;source_info;time_p;time_s;time_s_min;time_s_avg;time_s_max;cov_deviation;time_deviation;nb_threads;flops;
26637;MainEnsemble;;16.666666030884;0.0049999998882413;;;;;;;;
25022;MainEnsemble;;16.666666030884;0.0049999998882413;;;;;;;;
25023;MainEnsemble;;16.666666030884;0.0049999998882413;;;;;;;;
25031;MainEnsemble;;16.666666030884;0.0049999998882413;;;;;;;;
25021;MainEnsemble;;16.666666030884;0.0049999998882413;;;;;;;;
25001;MainEnsemble;;16.666666030884;0.0049999998882413;;;;;;;;
