block_id;module;source_info;time_p;time_s;time_s_min;time_s_avg;time_s_max;cov_deviation;time_deviation;nb_threads;flops;
25028;MainEnsemble;;28.571424484253;0.00999999884516;;;;;;;;
25009;MainEnsemble;;14.285712242126;0.00499999942258;;;;;;;;
25005;MainEnsemble;;14.285712242126;0.00499999942258;;;;;;;;
25000;MainEnsemble;;14.285712242126;0.00499999942258;;;;;;;;
25026;MainEnsemble;;14.285712242126;0.00499999942258;;;;;;;;
25001;MainEnsemble;;14.285712242126;0.00499999942258;;;;;;;;
