block_id;module;source_info;time_p;time_s;time_s_min;time_s_avg;time_s_max;cov_deviation;time_deviation;nb_threads;flops;
24943;MainEnsemble;;19.999998092651;0.0049999998882413;;;;;;;;
25026;MainEnsemble;;19.999998092651;0.0049999998882413;;;;;;;;
25020;MainEnsemble;;19.999998092651;0.0049999998882413;;;;;;;;
25024;MainEnsemble;;19.999998092651;0.0049999998882413;;;;;;;;
25029;MainEnsemble;;19.999998092651;0.0049999998882413;;;;;;;;
