block_id;module;source_info;time_p;time_s;time_s_min;time_s_avg;time_s_max;cov_deviation;time_deviation;nb_threads;flops;
12259;MainEnsemble;;2.777777671814;0.00499999942258;;;;;;;;
11898;MainEnsemble;;2.777777671814;0.00499999942258;;;;;;;;
11889;MainEnsemble;;2.777777671814;0.00499999942258;;;;;;;;
11852;MainEnsemble;;2.777777671814;0.00499999942258;;;;;;;;
11632;MainEnsemble;;2.777777671814;0.00499999942258;;;;;;;;
10649;MainEnsemble;;2.777777671814;0.00499999942258;;;;;;;;
7738;MainEnsemble;;2.777777671814;0.00499999942258;;;;;;;;
10203;MainEnsemble;;2.777777671814;0.00499999942258;;;;;;;;
